{"cameraMode":{"drawMode":0,"name":"Shaded","section":"Shading Mode"},"sceneLighting":true,"audioPlay":false,"sceneViewState":{"m_AlwaysRefresh":false,"showFog":true,"showSkybox":true,"showFlares":true,"showImageEffects":true,"showParticleSystems":true,"showVisualEffectGraphs":true,"m_FxEnabled":true},"in2DMode":false,"pivot":{"x":-0.7437705993652344,"y":9.150901794433594,"z":-2.013273239135742},"rotation":{"x":-0.010152922011911869,"y":-0.08539654314517975,"z":-0.0008702267659828067,"w":0.9962967038154602},"size":13.799394607543946,"orthographic":true}