{"cameraMode":{"drawMode":0,"name":"Shaded","section":"Shading Mode"},"sceneLighting":true,"audioPlay":false,"sceneViewState":{"m_AlwaysRefresh":false,"showFog":true,"showSkybox":true,"showFlares":true,"showImageEffects":true,"showParticleSystems":true,"showVisualEffectGraphs":true,"m_FxEnabled":true},"in2DMode":false,"pivot":{"x":-4.257089614868164,"y":7.231823444366455,"z":-0.5858268737792969},"rotation":{"x":0.05119466036558151,"y":-0.05988914892077446,"z":0.003084783907979727,"w":0.9968948364257813},"size":15.732032775878907,"orthographic":false}