{"cameraMode":{"drawMode":0,"name":"Shaded","section":"Shading Mode"},"sceneLighting":false,"audioPlay":false,"sceneViewState":{"m_AlwaysRefresh":false,"showFog":true,"showSkybox":false,"showFlares":true,"showImageEffects":true,"showParticleSystems":true,"showVisualEffectGraphs":true,"m_FxEnabled":true},"in2DMode":false,"pivot":{"x":-42.25775909423828,"y":9.151034355163575,"z":-110.36811828613281},"rotation":{"x":-0.010152922011911869,"y":-0.08539654314517975,"z":-0.0008702267659828067,"w":0.9962967038154602},"size":1.0852895975112916,"orthographic":true}